<?xml version="1.0" ?>
<LOG_ROOT>
	<PROJECT NAME="snake">
		<CBX_INST_ENTRY INSTANCE_NAME="|snake|lpm_divide:Mod3" CBX_FILE_NAME="lpm_divide_kno.tdf"/>
		<CBX_INST_ENTRY INSTANCE_NAME="|snake|lpm_mult:Mult0" CBX_FILE_NAME="mult_07t.tdf"/>
		<CBX_INST_ENTRY INSTANCE_NAME="|snake|lpm_divide:Mod0" CBX_FILE_NAME="lpm_divide_kno.tdf"/>
		<CBX_INST_ENTRY INSTANCE_NAME="|snake|lpm_divide:Mod2" CBX_FILE_NAME="lpm_divide_jno.tdf"/>
		<CBX_INST_ENTRY INSTANCE_NAME="|snake|lpm_divide:Mod4" CBX_FILE_NAME="lpm_divide_kno.tdf"/>
		<CBX_INST_ENTRY INSTANCE_NAME="|snake|lpm_divide:Mod6" CBX_FILE_NAME="lpm_divide_kno.tdf"/>
		<CBX_INST_ENTRY INSTANCE_NAME="|snake|lpm_divide:Mod8" CBX_FILE_NAME="lpm_divide_98m.tdf"/>
		<CBX_INST_ENTRY INSTANCE_NAME="|snake|lpm_divide:Mod1" CBX_FILE_NAME="lpm_divide_jno.tdf"/>
		<CBX_INST_ENTRY INSTANCE_NAME="|snake|lpm_divide:Mod5" CBX_FILE_NAME="lpm_divide_kno.tdf"/>
	</PROJECT>
</LOG_ROOT>
